113;112;109;112;108;111;110;109;106;109;105;108;117;115;120;114;116;119;113;116;112;115;114;112;117;111;113;116;110;113;109;112;117;116;121;119;124;118;120;123;113;116;112;115;117;120;116;119;114;113;118;116;121;115;117;120;110;113;109;112;114;117;113;116;104;103;100;103;99;102;101;100;97;100;96;99;108;106;111;105;107;110;104;107;103;106;105;103;108;102;104;107;101;104;100;103;108;107;112;110;115;109;111;114;104;107;103;106;108;111;107;110;105;104;109;107;112;106;108;111;101;104;100;103;105;108;104;107;97;96;93;96;92;95;95;94;91;94;90;93;101;99;104;98;100;103;97;100;96;99;99;97;102;96;98;101;95;98;94;97;106;105;110;108;113;107;109;112;102;105;101;104;106;109;105;108;101;100;105;103;108;102;104;107;110;109;114;112;117;111;113;116;97;100;96;99;101;104;100;103;106;109;105;108;110;113;109;112;205;204;201;204;200;203;202;201;198;201;197;200;209;207;212;206;208;211;205;208;204;207;206;204;209;203;205;208;202;205;201;204;209;208;213;211;216;210;212;215;205;208;204;207;209;212;208;
194;198;202;199;206;203;196;200;204;201;208;205;188;192;187;196;192;191;196;193;200;197;190;194;189;198;194;193;198;195;202;199;192;196;186;190;185;194;190;189;200;197;204;201;194;191;198;195;194;198;188;192;187;196;192;191;202;199;206;203;196;193;200;197;200;204;208;205;212;209;202;206;210;207;214;211;194;198;193;202;198;197;202;199;206;203;196;200;195;204;200;199;204;201;208;205;198;202;192;196;191;200;196;195;206;203;210;207;200;197;204;201;200;204;194;198;193;202;198;197;208;205;212;209;202;199;206;203;203;207;211;208;215;212;208;212;216;213;220;217;197;201;196;205;201;200;205;202;209;206;202;206;201;210;206;205;210;207;214;211;197;201;191;195;190;199;195;194;205;202;209;206;199;196;203;200;201;205;195;199;194;203;199;198;195;199;189;193;188;197;193;192;209;206;213;210;203;200;207;204;203;200;207;204;197;194;201;198;102;106;110;107;114;111;104;108;112;109;116;113;96;100;95;104;100;99;104;101;108;105;98;102;97;106;102;101;106;103;110;107;100;104;94;98;93;102;98;97;108;105;112;109;102;99;106;
211;206;205;210;208;213;207;209;212;202;205;201;204;206;209;205;208;196;195;192;195;191;194;193;192;189;192;188;191;200;198;203;197;199;202;196;199;195;198;197;195;200;194;196;199;193;196;192;195;200;199;204;202;207;201;203;206;196;199;195;198;200;203;199;202;197;196;201;199;204;198;200;203;193;196;192;195;197;200;196;199;189;188;185;188;184;187;187;186;183;186;182;185;193;191;196;190;192;195;189;192;188;191;191;189;194;188;190;193;187;190;186;189;198;197;202;200;205;199;201;204;194;197;193;196;198;201;197;200;193;192;197;195;200;194;196;199;202;201;206;204;209;203;205;208;189;192;188;191;193;196;192;195;198;201;197;200;202;205;201;204;125;124;122;121;121;124;120;123;118;121;117;120;120;119;116;119;115;118;129;127;132;126;128;131;126;124;129;123;125;128;125;128;124;127;122;125;121;124;124;122;127;121;123;126;120;123;119;122;135;134;139;137;142;136;138;141;126;125;130;128;133;127;129;132;122;125;121;124;126;129;125;128;116;115;113;112;112;115;111;114;109;112;108;111;111;110;107;110;106;109;120;118;123;117;
103;102;106;96;100;95;104;100;99;110;107;114;111;104;101;108;105;108;112;116;113;120;117;110;114;118;115;122;119;102;106;101;110;106;105;110;107;114;111;104;108;103;112;108;107;112;109;116;113;106;110;100;104;99;108;104;103;114;111;118;115;108;105;112;109;108;112;102;106;101;110;106;105;116;113;120;117;110;107;114;111;111;115;119;116;123;120;116;120;124;121;128;125;105;109;104;113;109;108;113;110;117;114;110;114;109;118;114;113;118;115;122;119;105;109;99;103;98;107;103;102;113;110;117;114;107;104;111;108;109;113;103;107;102;111;107;106;103;107;97;101;96;105;101;100;117;114;121;118;111;108;115;112;111;108;115;112;105;102;109;106;112;116;113;117;120;117;124;121;121;118;125;122;119;123;127;124;131;128;106;110;105;114;110;109;107;111;106;115;111;110;114;111;118;115;115;112;119;116;113;117;112;121;117;116;121;118;125;122;110;114;104;108;103;112;108;107;111;115;105;109;104;113;109;108;119;116;123;120;113;110;117;114;118;122;119;123;126;123;130;127;127;124;131;128;125;129;133;130;137;134;112;116;111;120;
119;122;117;115;120;114;116;119;116;119;115;118;113;116;112;115;115;113;118;112;114;117;111;114;110;113;117;116;121;119;124;118;120;123;113;116;112;115;117;120;116;119;109;108;107;106;105;108;104;107;103;106;102;105;105;104;101;104;100;103;113;111;116;110;112;115;111;109;114;108;110;113;109;112;108;111;107;110;106;109;109;107;112;106;108;111;105;108;104;107;118;117;122;120;125;119;121;124;114;117;113;116;118;121;117;120;197;196;193;196;192;195;194;193;190;193;189;192;201;199;204;198;200;203;197;200;196;199;198;196;201;195;197;200;194;197;193;196;201;200;205;203;208;202;204;207;197;200;196;199;201;204;200;203;198;197;202;200;205;199;201;204;194;197;193;196;198;201;197;200;188;187;184;187;183;186;185;184;181;184;180;183;192;190;195;189;191;194;188;191;187;190;189;187;192;186;188;191;185;188;184;187;192;191;196;194;199;193;195;198;188;191;187;190;192;195;191;194;189;188;193;191;196;190;192;195;185;188;184;187;189;192;188;191;181;180;177;180;176;179;179;178;175;178;174;177;185;183;188;182;184;187;181;184;180;
116;115;113;117;112;121;117;116;120;117;124;121;121;118;125;122;119;123;118;127;123;122;127;124;131;128;117;121;111;115;110;119;115;114;125;122;129;126;119;116;123;120;121;125;125;129;129;126;133;130;133;130;137;134;131;135;139;136;143;140;115;119;114;123;119;118;119;123;118;127;123;122;123;120;127;124;127;124;131;128;125;129;124;133;129;128;133;130;137;134;115;119;109;113;108;117;113;112;123;120;127;124;117;114;121;118;186;190;194;191;198;195;188;192;196;193;200;197;180;184;179;188;184;183;188;185;192;189;182;186;181;190;186;185;190;187;194;191;184;188;178;182;177;186;182;181;192;189;196;193;186;183;190;187;186;190;180;184;179;188;184;183;194;191;198;195;188;185;192;189;192;196;200;197;204;201;194;198;202;199;206;203;186;190;185;194;190;189;194;191;198;195;188;192;187;196;192;191;196;193;200;197;190;194;184;188;183;192;188;187;198;195;202;199;192;189;196;193;192;196;186;190;185;194;190;189;200;197;204;201;194;191;198;195;195;199;203;200;207;204;200;204;208;205;212;209;189;193;188;197;193;192;197;194;201;
183;183;181;186;180;182;185;179;182;178;181;190;189;194;192;197;191;193;196;186;189;185;188;190;193;189;192;185;184;189;187;192;186;188;191;194;193;198;196;201;195;197;200;181;184;180;183;185;188;184;187;190;193;189;192;194;197;193;196;
198;194;198;193;202;198;197;202;199;206;203;189;193;183;187;182;191;187;186;197;194;201;198;191;188;195;192;193;197;187;191;186;195;191;190;187;191;181;185;180;189;185;184;201;198;205;202;195;192;199;196;195;192;199;196;189;186;193;190;
max x = 216
max y = 220
min x = 90
min y = 93
